[+] Emails found,
[+] Hosts found in search engines,
17.249.44.88,1-courier.push.apple.com
17.188.166.11,1-courier.sandbox.push.apple.com
17.151.62.20,Lists.apple.com
17.149.240.70,albert.apple.com
17.249.41.246,api.smoot.apple.com
17.151.240.34,appleid.apple.com
17.179.32.198,appleseed.apple.com
104.67.126.244,appleweb.apple.com
17.253.5.202,apsu.apple.com
17.254.2.187,ara.apple.com
17.151.20.115,asw.apple.com
70.186.11.65,ax.init.itunes.apple.com
17.179.32.198,beta.apple.com
17.151.150.39,consultants.apple.com
17.253.5.202,developer.apple.com
104.67.107.250,discussions.apple.com
104.67.123.65,forums.developer.apple.com
104.67.98.189,getsupport.apple.com
17.146.1.163,gsx.apple.com
17.151.2.14,idmsa.apple.com
206.200.251.19,investor.apple.com
104.67.119.117,itunes.apple.com
104.67.99.78,itunesconnect.apple.com
17.178.96.65,itunespartner.apple.com
17.151.132.19,jobs.apple.com
17.151.47.32,jointventure.apple.com
104.67.115.174,linkmaker.itunes.apple.com
17.151.62.20,lists.apple.com
17.254.2.89,locate.apple.com
17.178.98.66,mapsconnect.apple.com
23.56.221.109,mynews.apple.com
17.154.66.38,phobos.apple.com
17.151.20.53,remoteadvisor.apple.com
17.178.106.4,school.apple.com
17.178.96.78,searchads.apple.com
17.151.21.3,seedsales.apple.com
104.67.105.64,selfsolve.apple.com
70.186.11.16,signin.info.apple.com
104.67.109.77,support.apple.com
104.67.119.30,trailers.apple.com
104.67.123.95,www.apple.com
17.151.62.20,www.lists.apple.com
[+] Virtual hosts,
[+] Shodan Database search,
17.249.44.88,1-courier.push.apple.com
	Searching for, 17.249.44.8817.188.166.11,1-courier.sandbox.push.apple.com
	Searching for, 17.188.166.1117.151.62.20,Lists.apple.com
	Searching for, 17.151.62.2017.149.240.70,albert.apple.com
	Searching for, 17.149.240.7017.249.41.246,api.smoot.apple.com
	Searching for, 17.249.41.24617.151.240.34,appleid.apple.com
	Searching for, 17.151.240.3417.179.32.198,appleseed.apple.com
	Searching for, 17.179.32.198104.67.126.244,appleweb.apple.com
	Searching for, 104.67.126.24417.253.5.202,apsu.apple.com
	Searching for, 17.253.5.20217.254.2.187,ara.apple.com
	Searching for, 17.254.2.18717.151.20.115,asw.apple.com
	Searching for, 17.151.20.11570.186.11.65,ax.init.itunes.apple.com
	Searching for, 70.186.11.6517.179.32.198,beta.apple.com
17.151.150.39,consultants.apple.com
	Searching for, 17.151.150.3917.253.5.202,developer.apple.com
104.67.107.250,discussions.apple.com
	Searching for, 104.67.107.250104.67.123.65,forums.developer.apple.com
	Searching for, 104.67.123.65104.67.98.189,getsupport.apple.com
	Searching for, 104.67.98.18917.146.1.163,gsx.apple.com
	Searching for, 17.146.1.16317.151.2.14,idmsa.apple.com
	Searching for, 17.151.2.14206.200.251.19,investor.apple.com
	Searching for, 206.200.251.19104.67.119.117,itunes.apple.com
	Searching for, 104.67.119.117104.67.99.78,itunesconnect.apple.com
	Searching for, 104.67.99.7817.178.96.65,itunespartner.apple.com
	Searching for, 17.178.96.6517.151.132.19,jobs.apple.com
	Searching for, 17.151.132.1917.151.47.32,jointventure.apple.com
	Searching for, 17.151.47.32104.67.115.174,linkmaker.itunes.apple.com
	Searching for, 104.67.115.17417.151.62.20,lists.apple.com
17.254.2.89,locate.apple.com
	Searching for, 17.254.2.8917.178.98.66,mapsconnect.apple.com
	Searching for, 17.178.98.6623.56.221.109,mynews.apple.com
	Searching for, 23.56.221.10917.154.66.38,phobos.apple.com
	Searching for, 17.154.66.3817.151.20.53,remoteadvisor.apple.com
	Searching for, 17.151.20.5317.178.106.4,school.apple.com
	Searching for, 17.178.106.417.178.96.78,searchads.apple.com
	Searching for, 17.178.96.7817.151.21.3,seedsales.apple.com
	Searching for, 17.151.21.3104.67.105.64,selfsolve.apple.com
	Searching for, 104.67.105.6470.186.11.16,signin.info.apple.com
	Searching for, 70.186.11.16104.67.109.77,support.apple.com
	Searching for, 104.67.109.77104.67.119.30,trailers.apple.com
	Searching for, 104.67.119.30104.67.123.95,www.apple.com
	Searching for, 104.67.123.9517.151.62.20,www.lists.apple.com
17.151.62.20,lists.apple
17.151.62.20,lists.webkit.org
17.151.62.20,lists.macosforge.org
17.151.62.20,lists.cups
17.151.62.20,prod.lists.apple
17.151.62.20,lists.apple.com
17.151.62.20,lists.cups.org
17.151.62.20,prod.lists.apple.com
17.151.240.34,appleid.apple.com
17.151.240.34,c.apple.com
17.179.32.198,beta.apple.com
17.179.32.198,appleseed
17.179.32.198,appleseed.apple.com
17.253.5.202,opensource.apple.com
17.253.5.202,developer.apple.com
17.253.5.202,www.cups.org
17.254.2.187,ara.apple.com
17.151.150.39,consultants
17.151.150.39,consultants.apple.com
17.146.1.163,gsxapp.apple.com
17.151.2.14,signin.info.apple.com
17.151.2.14,idmsa.apple.com
17.151.2.14,hrsignup.apple.com
17.151.2.14,diagnostics.apple.com
17.151.2.14,gsx.apple.com
17.151.2.14,deploy.apple.com
17.151.2.14,source.apple.com
17.151.2.14,mystore.apple.com
17.151.2.14,cooljobs.apple.com
17.151.2.14,developer.apple.com
17.151.2.14,appleweb
17.151.2.14,beta.apple.com
17.151.2.14,mypage
17.151.2.14,reportaproblem.apple.com
17.151.2.14,identity.apple.com
17.151.2.14,jobs.apple.com
17.151.2.14,asw.apple.com
17.151.2.14,appleconnect
17.151.2.14,applecareconnect.apple.com
17.151.2.14,afsportal.apple.com
17.151.2.14,certifications.apple.com
17.151.2.14,ws01.apple
17.151.2.14,partner.apple.com
17.151.2.14,mymessage.apple.com
17.151.2.14,myaccess.apple.com
17.151.2.14,gra.apple.com
17.151.2.14,spapp-p.apple.com
17.151.2.14,mysalescomp.apple.com
17.151.2.14,wdg2.apple.com
17.151.2.14,consultants.apple
17.151.2.14,plmapp.apple.com
17.151.2.14,aps.info.apple.com
17.151.2.14,suppliernet.apple.com
17.151.2.14,discussions.apple.com
17.151.2.14,concierge.apple.com
17.151.2.14,checkrepair.apple.com
17.151.2.14,checkcoverage.apple.com
206.200.251.19,ir.kraftheinzcompany.com
206.200.251.19,investor.apple
206.200.251.19,ir.regions.com
206.200.251.19,investor.convergys.com
206.200.251.19,www.dollartree
206.200.251.19,ir.papajohns.com
206.200.251.19,investor.walgreens.com
206.200.251.19,investors.skyworksinc.com
206.200.251.19,ir.amtrustgroup.com
206.200.251.19,investor.lpl.com
206.200.251.19,ir.kkr.com
206.200.251.19,investor.gpreinc.com
206.200.251.19,investor
206.200.251.19,ir.consolidated.com
206.200.251.19,www.ridesta.com
206.200.251.19,investor.crackerbarrel
206.200.251.19,ir.linnenergy.com
206.200.251.19,investor.texasroadhouse
206.200.251.19,investor.groupon.com
206.200.251.19,investors.bloominbrands
206.200.251.19,investor.zimmerbiomet
206.200.251.19,trow.client.shareholder.com
206.200.251.19,ir.steinmart
206.200.251.19,investor.shentel.com
206.200.251.19,ir.buffalowildwings
206.200.251.19,investors.zillowgroup.com
206.200.251.19,ir.snyderslance
206.200.251.19,ir.novelion.com
206.200.251.19,investor.firstsolar
206.200.251.19,investors.centerpointenergy
206.200.251.19,investor.caesars.com
206.200.251.19,investor.zynga
206.200.251.19,investor.enphase.com
206.200.251.19,www.intellipharmaceutics
206.200.251.19,investors.sportsmanswarehouse
206.200.251.19,investor.scasurgery.com
206.200.251.19,investor.cree.com
206.200.251.19,ir.pilgrims.com
206.200.251.19,ir.qorvo.com
206.200.251.19,ir.spplus.com
206.200.251.19,www.orchidislandcapital
206.200.251.19,ir.hdsupply.com
206.200.251.19,jkhy.client.shareholder.com
206.200.251.19,investor.frontier.com
206.200.251.19,investor.dnb.com
206.200.251.19,investor.fivebelow.com
206.200.251.19,ir.mandtbank.com
206.200.251.19,investors.ravenind.com
206.200.251.19,investors.wsfsbank.com
206.200.251.19,investors.pnkinc.com
206.200.251.19,ir.celgene
206.200.251.19,ir.breitburn.com
206.200.251.19,www.ir.creditacceptance.com
206.200.251.19,ir.craneco
206.200.251.19,syx.client.shareholder.com
17.178.96.65,itunespartner.apple.com
17.151.132.19,jobs.apple
17.151.47.32,jointventure
17.151.47.32,jointventure.apple.com
17.254.2.89,locate.apple.com
17.254.2.89,www.apple.com
17.254.2.89,c.apple.com
17.178.98.66,mapsconnect
17.178.98.66,maps
23.56.221.109,mynews.apple.com
17.154.66.38,phobos.apple.com
17.154.66.38,init.apple.com
17.151.20.53,remoteadvisor.apple.com
17.151.20.53,sws.apple.com
17.151.20.53,araja.apple.com
17.151.20.53,araes.apple.com
17.151.20.53,arade.apple.com
17.178.106.4,school.apple.com
17.178.96.78,searchads
17.178.96.78,searchads.apple.com
17.151.21.3,seedsales.apple.com
[+] Shodan results,
